{
  "avg_confidence": 0.7132972484637866,
  "total_words": 787,
  "numeric_conf_words": 787,
  "low_conf_count": 597,
  "low_conf_percent": 75.8576874205845,
  "model": "whisper-large",
  "threshold": 0.9,
  "run_id": "20251117T020632Z_whisper-large_conf90",
  "label": "20251117T020632Z_whisper-large_conf90"
}