{
  "avg_confidence": 0.859068162514658,
  "total_words": 614,
  "numeric_conf_words": 614,
  "low_conf_count": 218,
  "low_conf_percent": 35.50488599348534,
  "model": "nova-2",
  "threshold": 0.9,
  "run_id": "20251117T020632Z_nova-2_conf90",
  "label": "20251117T020632Z_nova-2_conf90"
}