{
  "avg_confidence": 0.8873146531358884,
  "total_words": 574,
  "numeric_conf_words": 574,
  "low_conf_count": 163,
  "low_conf_percent": 28.397212543554005,
  "model": "nova-3",
  "threshold": 0.9,
  "run_id": "20251117T020632Z_nova-3_conf90",
  "label": "20251117T020632Z_nova-3_conf90"
}