{
  "avg_confidence": 0.8590687375960911,
  "total_words": 614,
  "numeric_conf_words": 614,
  "low_conf_count": 163,
  "low_conf_percent": 26.547231270358306,
  "model": "nova-2",
  "threshold": 0.8,
  "run_id": "20251117T020632Z_nova-2_conf80",
  "label": "20251117T020632Z_nova-2_conf80"
}